ADM3_PCODE;ADM3_REF;ADM3ALT1FR;ADM3ALT2FR;ADM2_FR;ADM2_PCODE;ADM1_FR;ADM1_PCODE;ADM0_FR;densite_pop_14;densite_pop_15;densite_pop_16;densite_pop_17;densite_pop_18
BF460101;;;;Balé;BF4601;Boucle du Mouhoun;BF46;Burkina Faso;60,78824789;61,95824187;63,20444798;64,43519998;65,70020152
BF460201;Balave;;;Banwa;BF4602;Boucle du Mouhoun;BF46;Burkina Faso;137,3997298;141,3966067;145,6206027;149,8292213;154,1934927
BF460102;;;;Balé;BF4601;Boucle du Mouhoun;BF46;Burkina Faso;16,9456895;17,37496117;17,83678805;18,32696882;18,81235451
BF460301;;;;Kossi;BF4603;Boucle du Mouhoun;BF46;Burkina Faso;84,18420085;86,39385698;88,72694164;90,99752023;93,40655857
BF460302;;;;Kossi;BF4603;Boucle du Mouhoun;BF46;Burkina Faso;22,10953346;22,33123162;22,5485904;22,9352647;23,23683419
BF460401;;;;Mouhoun;BF4604;Boucle du Mouhoun;BF46;Burkina Faso;164,4423869;168,1244351;171,6851691;175,6136683;179,5500614
BF460103;;;;Balé;BF4601;Boucle du Mouhoun;BF46;Burkina Faso;142,1384216;143,1965139;144,3395932;145,5270755;146,6519791
BF460303;;;;Kossi;BF4603;Boucle du Mouhoun;BF46;Burkina Faso;103,66697;104,2401175;105,229843;106,13081;106,9899735
BF460402;Dedougou;;;Mouhoun;BF4604;Boucle du Mouhoun;BF46;Burkina Faso;392,5952419;403,3791278;414,3810258;425,6983655;437,3206993
BF460601;;;;Sourou;BF4606;Boucle du Mouhoun;BF46;Burkina Faso;66,44570896;66,89568422;67,34639376;67,80109332;68,25891807
BF460304;;;;Kossi;BF4603;Boucle du Mouhoun;BF46;Burkina Faso;105,0354905;106,7115765;108,5708308;110,4365076;112,3836047
BF460305;;;;Kossi;BF4603;Boucle du Mouhoun;BF46;Burkina Faso;42,60293841;43,71503679;44,91357012;46,13865538;47,38947256
BF460306;;;;Kossi;BF4603;Boucle du Mouhoun;BF46;Burkina Faso;46,58497955;47,67895182;48,59787335;49,6410104;50,66220531
BF460403;;;;Mouhoun;BF4604;Boucle du Mouhoun;BF46;Burkina Faso;16,42258775;16,73427302;17,05839243;17,38607784;17,72110024
BF460104;;;;Balé;BF4601;Boucle du Mouhoun;BF46;Burkina Faso;24,05513986;24,7977417;25,53637425;26,28814004;27,05634416
BF460501;;;;Nayala;BF4605;Boucle du Mouhoun;BF46;Burkina Faso;35,32564541;36,07153325;36,83926167;37,62388579;38,43086179
BF460602;;;;Sourou;BF4606;Boucle du Mouhoun;BF46;Burkina Faso;8,382025436;8,529617418;8,675656546;8,820930723;8,970345401
BF460502;;;;Nayala;BF4605;Boucle du Mouhoun;BF46;Burkina Faso;45,58769584;46,09532883;46,65031818;47,18941827;47,73332422
BF460603;;;;Sourou;BF4606;Boucle du Mouhoun;BF46;Burkina Faso;33,39901923;33,8237133;34,25713825;34,69250946;35,13085059
BF460604;;;;Sourou;BF4606;Boucle du Mouhoun;BF46;Burkina Faso;38,67895053;39,43591958;40,18453088;40,98543125;41,77123775
BF460307;;;;Kossi;BF4603;Boucle du Mouhoun;BF46;Burkina Faso;16,01480624;16,55340139;17,10613583;17,6725069;18,24364769
BF460404;;;;Mouhoun;BF4604;Boucle du Mouhoun;BF46;Burkina Faso;47,64244916;49,01438969;50,46138093;51,94349404;53,46151812
BF460503;;;;Nayala;BF4605;Boucle du Mouhoun;BF46;Burkina Faso;90,29375171;92,56275822;94,97663675;97,40741123;99,89323395
BF460202;;;;Banwa;BF4602;Boucle du Mouhoun;BF46;Burkina Faso;360,1111613;366,8735436;374,7213927;381,7221098;389,6959451
BF460605;Lanfiera;;;Sourou;BF4606;Boucle du Mouhoun;BF46;Burkina Faso;14,8063701;15,11145192;15,41894078;15,73503706;16,05603531
BF460606;Lankoue;;;Sourou;BF4606;Boucle du Mouhoun;BF46;Burkina Faso;52,17905021;53,65836242;55,18316784;56,75775908;58,38387987
BF460308;;;;Kossi;BF4603;Boucle du Mouhoun;BF46;Burkina Faso;4,928430763;4,888486541;4,873832458;4,847733304;4,814318432
BF460309;;;;Kossi;BF4603;Boucle du Mouhoun;BF46;Burkina Faso;61,90616832;62,83687256;63,7439173;64,70734168;65,67431488
BF460405;;;;Mouhoun;BF4604;Boucle du Mouhoun;BF46;Burkina Faso;95,01869112;96,88468536;98,80401618;100,7407275;102,7232998
BF460105;;;;Balé;BF4601;Boucle du Mouhoun;BF46;Burkina Faso;52,23860412;53,33304738;54,50915881;55,70586008;56,92454596
BF460106;Pa;;;Balé;BF4601;Boucle du Mouhoun;BF46;Burkina Faso;26,28929059;27,45947258;28,67052817;29,94480287;31,28178997
BF460107;Pompoi;;;Balé;BF4601;Boucle du Mouhoun;BF46;Burkina Faso;13,83836646;14,22881275;14,58522651;14,96621503;15,34730367
BF460108;;;;Balé;BF4601;Boucle du Mouhoun;BF46;Burkina Faso;10,23143916;10,48623085;10,72220928;10,94977337;11,23484011
BF460406;Safane;;;Mouhoun;BF4604;Boucle du Mouhoun;BF46;Burkina Faso;57,29393583;58,73760187;60,22711529;61,73161271;63,30087416
BF460203;;;;Banwa;BF4602;Boucle du Mouhoun;BF46;Burkina Faso;24,78792517;25,75159935;26,68436482;27,74067329;28,84987603
BF460204;;;;Banwa;BF4602;Boucle du Mouhoun;BF46;Burkina Faso;112,7095951;114,5263393;116,36953;118,2311744;120,1451
BF460109;;;;Balé;BF4601;Boucle du Mouhoun;BF46;Burkina Faso;42,52060631;44,08909289;45,68042082;47,3096753;49,00962698
BF460205;;;;Banwa;BF4602;Boucle du Mouhoun;BF46;Burkina Faso;207,3425391;212,0666497;216,6783377;221,6402333;226,4941466
BF460311;Sono;;;Kossi;BF4603;Boucle du Mouhoun;BF46;Burkina Faso;11,22297427;11,51470939;11,81371724;12,09001925;12,39789843
BF460206;;;;Banwa;BF4602;Boucle du Mouhoun;BF46;Burkina Faso;124,4095633;127,9895767;131,7110598;135,5630741;139,4427832
BF460407;Tcheriba;;;Mouhoun;BF4604;Boucle du Mouhoun;BF46;Burkina Faso;94,14319089;95,81548522;97,40476454;99,04408528;100,7034241
BF460607;Toeni;;;Sourou;BF4606;Boucle du Mouhoun;BF46;Burkina Faso;48,49681851;49,30888129;50,25592278;51,24470484;52,2492639
BF460504;;;;Nayala;BF4605;Boucle du Mouhoun;BF46;Burkina Faso;45,48190384;46,19191366;46,80421973;47,48776829;48,22399949
BF460608;;;;Sourou;BF4606;Boucle du Mouhoun;BF46;Burkina Faso;263,2163594;266,6022002;270,1082097;273,5799524;277,1290542
BF460505;;;;Nayala;BF4605;Boucle du Mouhoun;BF46;Burkina Faso;124,1212839;126,8248931;129,6620799;132,4805041;135,2091076
BF460110;;;;Balé;BF4601;Boucle du Mouhoun;BF46;Burkina Faso;13,42895546;13,75752558;14,09552018;14,44251832;14,79860239
BF460506;Ye;;;Nayala;BF4605;Boucle du Mouhoun;BF46;Burkina Faso;22,34750737;22,65133078;22,96382944;23,28347316;23,60248312
BF470101;;;;Comoé;BF4701;Cascades;BF47;Burkina Faso;149,9963697;154,7331037;159,6114067;164,6655306;169,8469431
BF470102;Beregadougou;;;Comoé;BF4701;Cascades;BF47;Burkina Faso;45,87867461;46,59052971;47,26404586;47,93457937;48,59173611
BF470201;Dakoro;;;Léraba;BF4702;Cascades;BF47;Burkina Faso;6,637071523;6,796821182;6,959246288;7,149938049;7,337205541
BF470202;;;;Léraba;BF4702;Cascades;BF47;Burkina Faso;35,43315627;36,07100628;36,76227973;37,44568932;38,11790479
BF470203;;;;Léraba;BF4702;Cascades;BF47;Burkina Faso;4,088571131;4,18349342;4,280618321;4,383103118;4,484554262
BF470204;;;;Léraba;BF4702;Cascades;BF47;Burkina Faso;12,73527097;13,06373294;13,5289097;13,93418416;14,33893528
BF470103;;;;Comoé;BF4701;Cascades;BF47;Burkina Faso;19,47486064;20,43862527;21,45105444;22,51793909;23,63641105
BF470104;;;;Comoé;BF4701;Cascades;BF47;Burkina Faso;16,88771339;17,59502747;18,34974377;19,12174975;19,94577341
BF470105;;;;Comoé;BF4701;Cascades;BF47;Burkina Faso;77,96696086;82,58937158;87,3701245;92,57527982;98,10893294
BF470205;Niankorodougou;;;Léraba;BF4702;Cascades;BF47;Burkina Faso;95,80690303;100,4837698;104,8298747;109,5371782;114,6664492
BF470206;Oueleni;;;Léraba;BF4702;Cascades;BF47;Burkina Faso;70,28626495;72,10239882;73,97071941;75,5464907;77,43450137
BF470106;Ouo;;;Comoé;BF4701;Cascades;BF47;Burkina Faso;185,4249865;208,4417252;234,4691563;263,9551626;296,8276784
BF470107;Sideradougou;;;Comoé;BF4701;Cascades;BF47;Burkina Faso;327,3241267;357,4983086;389,9140443;425,4821124;464,6395901
BF470207;;;;Léraba;BF4702;Cascades;BF47;Burkina Faso;33,06009178;33,79085816;34,51764572;35,25479483;36,02856921
BF470108;Soubakaniedougou;;;Comoé;BF4701;Cascades;BF47;Burkina Faso;84,92443675;88,71209688;92,79734208;97,00854979;101,4473497
BF470109;Tiefora;;;Comoé;BF4701;Cascades;BF47;Burkina Faso;189,3862443;200,3958675;212,5863606;225,6061135;238,9017035
BF470208;;;;Léraba;BF4702;Cascades;BF47;Burkina Faso;20,02749496;20,71326347;21,42789812;22,19513573;22,96906295
BF130001;;;;Kadiogo;BF1300;Centre;BF13;Burkina Faso;38,02174812;38,3118358;38,42015554;38,66162015;38,96657153
BF130002;;;;Kadiogo;BF1300;Centre;BF13;Burkina Faso;209,316002;223,7014623;239,7206871;257,2469303;275,2549137
BF130003;;;;Kadiogo;BF1300;Centre;BF13;Burkina Faso;1365,133662;1386,332887;1404,800649;1421,30467;1440,533891
BF130004;;;;Kadiogo;BF1300;Centre;BF13;Burkina Faso;9434,400359;10093,24677;10798,70147;11555,45974;12363,97357
BF130005;Pabre;;;Kadiogo;BF1300;Centre;BF13;Burkina Faso;22,80855003;23,06648581;23,40331396;23,67780497;24,08652999
BF130006;;;;Kadiogo;BF1300;Centre;BF13;Burkina Faso;235,4669425;249,2118293;263,3290271;275,5214577;291,4589796
BF130007;;;;Kadiogo;BF1300;Centre;BF13;Burkina Faso;146,6720408;148,2111502;149,2267801;151,8657768;152,5476187
BF480301;;;;Kourittenga;BF4803;Centre-Est;BF48;Burkina Faso;292,7175948;300,0101253;306,7433345;315,2710957;323,6209087
BF480101;Bagre;;;Boulgou;BF4801;Centre-Est;BF48;Burkina Faso;129,3724226;134,1658013;141,0946808;148,6752515;154,1928094
BF480102;Bane;;;Boulgou;BF4801;Centre-Est;BF48;Burkina Faso;27,7601175;28,76691393;29,79619462;30,85357752;31,97416114
BF480302;Baskoure;;;Kourittenga;BF4803;Centre-Est;BF48;Burkina Faso;19,37685239;19,94025162;20,33741351;20,90612508;21,42645206
BF480103;Beguedo;;;Boulgou;BF4801;Centre-Est;BF48;Burkina Faso;94,22665272;97,17142025;99,60515126;101,9698023;105,2975865
BF480104;;;;Boulgou;BF4801;Centre-Est;BF48;Burkina Faso;182,6207243;198,5806767;216,1896349;235,6104545;256,5420285
BF480105;;;;Boulgou;BF4801;Centre-Est;BF48;Burkina Faso;115,1529397;119,5819357;124,0096638;128,7549283;133,669703
BF480106;;;;Boulgou;BF4801;Centre-Est;BF48;Burkina Faso;271,5633985;276,9989645;284,7058805;291,8355826;300,235572
BF480303;;;;Kourittenga;BF4803;Centre-Est;BF48;Burkina Faso;68,3836154;70,05903981;71,65656914;73,34305233;75,01933806
BF480202;;;;Koulpélogo;BF4802;Centre-Est;BF48;Burkina Faso;37,84177768;39,24312708;40,39127522;41,67351094;42,93210271
BF480107;;;;Boulgou;BF4801;Centre-Est;BF48;Burkina Faso;202,1950868;208,150517;212,9745397;218,6721352;223,4655774
BF480304;;;;Kourittenga;BF4803;Centre-Est;BF48;Burkina Faso;18,467495;18,6888206;18,95644669;19,17575567;19,44962291
BF480305;;;;Kourittenga;BF4803;Centre-Est;BF48;Burkina Faso;86,89451094;89,11044263;91,66322392;93,62920553;96,08564124
BF480201;;;;Koulpélogo;BF4802;Centre-Est;BF48;Burkina Faso;94,5245347;98,88512313;103,4350822;108,483582;113,5533834
BF480108;Komtoega;;;Boulgou;BF4801;Centre-Est;BF48;Burkina Faso;35,56882861;36,85233047;38,01100954;39,14741594;40,53963171
BF480306;Koupela;;;Kourittenga;BF4803;Centre-Est;BF48;Burkina Faso;1037,863973;1070,487184;1105,361267;1138,436182;1173,800933
BF480203;;;;Koulpélogo;BF4802;Centre-Est;BF48;Burkina Faso;41,23414772;42,49093932;43,54296835;45,11906638;46,5974137
BF480109;;;;Boulgou;BF4801;Centre-Est;BF48;Burkina Faso;44,67780973;45,92725057;46,95711455;47,88175176;48,96063538
BF480204;;;;Koulpélogo;BF4802;Centre-Est;BF48;Burkina Faso;143,1696998;147,4706064;152,3368176;156,9672828;162,0561641
BF480307;;;;Kourittenga;BF4803;Centre-Est;BF48;Burkina Faso;288,3006917;300,9546664;312,9327234;326,3264622;340,4971586
BF480205;;;;Koulpélogo;BF4802;Centre-Est;BF48;Burkina Faso;323,6937218;332,2526297;340,6476462;350,0347857;358,3685676
BF480206;;;;Koulpélogo;BF4802;Centre-Est;BF48;Burkina Faso;201,9017039;207,5951838;213,7215314;220,051065;226,4521547
BF480110;;;;Boulgou;BF4801;Centre-Est;BF48;Burkina Faso;1313,685215;1342,112206;1368,466501;1395,292826;1425,054144
BF480308;;;;Kourittenga;BF4803;Centre-Est;BF48;Burkina Faso;20,72586174;21,18306344;21,78278087;22,28956866;22,8817663
BF480207;;;;Koulpélogo;BF4802;Centre-Est;BF48;Burkina Faso;194,7318427;201,1106178;208,1800551;214,5202114;222,6109983
BF480309;;;;Kourittenga;BF4803;Centre-Est;BF48;Burkina Faso;32,71228821;33,26463263;33,920152;34,60237716;35,29953121
BF480208;Yonde;;;Koulpélogo;BF4802;Centre-Est;BF48;Burkina Faso;256,9865287;265,2125376;274,3356041;282,8364593;291,9162197
BF480111;Zabre;;;Boulgou;BF4801;Centre-Est;BF48;Burkina Faso;176,8647625;180,5351738;183,968324;187,3989065;191,1891619
BF480112;;;;Boulgou;BF4801;Centre-Est;BF48;Burkina Faso;88,3580073;90,489382;91,65147114;92,77158502;94,18301227
BF480113;Zonse;;;Boulgou;BF4801;Centre-Est;BF48;Burkina Faso;46,90681196;47,3186163;48,23393849;49,19763392;49,92548625
BF490301;;;;Sanmatenga;BF4903;Centre-Nord;BF49;Burkina Faso;267,5453214;276,3216577;286,0075781;295,6778773;305,7518674
BF490201;;;;Namentenga;BF4902;Centre-Nord;BF49;Burkina Faso;79,3759228;82,65495032;86,11994404;89,7849195;93,73191956
BF490202;;;;Namentenga;BF4902;Centre-Nord;BF49;Burkina Faso;250,0216901;255,7861091;261,5996956;267,3230017;273,2968469
BF490203;;;;Namentenga;BF4902;Centre-Nord;BF49;Burkina Faso;44,20134438;45,40735096;46,62702836;47,64791242;48,81692564
BF490101;;;;Bam;BF4901;Centre-Nord;BF49;Burkina Faso;47,48060213;48,90767212;50,38037757;51,90701594;53,4810469
BF490302;;;;Sanmatenga;BF4903;Centre-Nord;BF49;Burkina Faso;181,512117;184,3645726;188,5213498;192,1069967;195,2654962
BF490303;;;;Sanmatenga;BF4903;Centre-Nord;BF49;Burkina Faso;56,60792576;58,24494239;59,88853491;61,60648222;63,43255419
BF490204;;;;Namentenga;BF4902;Centre-Nord;BF49;Burkina Faso;21,92222194;22,38148213;22,88238819;23,35807124;23,83853511
BF490102;Guibare;;;Bam;BF4901;Centre-Nord;BF49;Burkina Faso;45,39180154;46,36260636;47,53530521;48,6278505;49,77031931
BF490304;;;;Sanmatenga;BF4903;Centre-Nord;BF49;Burkina Faso;377,2798069;387,1545351;398,7339415;411,0419931;424,4602256
BF490103;;;;Bam;BF4901;Centre-Nord;BF49;Burkina Faso;48,98689032;50,332017;51,70851364;53,09640048;54,52419625
BF490305;;;;Sanmatenga;BF4903;Centre-Nord;BF49;Burkina Faso;71,97394358;75,6524059;77,36464033;79,2963207;81,11166138
BF490306;Mane;;;Sanmatenga;BF4903;Centre-Nord;BF49;Burkina Faso;112,1483144;114,2031497;116,3184377;118,6589504;121,0696104
BF490205;;;;Namentenga;BF4902;Centre-Nord;BF49;Burkina Faso;24,8762813;25,74684923;26,66781013;27,62947648;28,59733139
BF490307;;;;Sanmatenga;BF4903;Centre-Nord;BF49;Burkina Faso;16,92123948;17,46942697;18,00802689;18,6304695;19,25026206
BF490104;Nassere;;;Bam;BF4901;Centre-Nord;BF49;Burkina Faso;17,46818271;17,79348979;18,13370649;18,47308027;18,84163967
BF490308;;;;Sanmatenga;BF4903;Centre-Nord;BF49;Burkina Faso;107,0677508;110,4503591;113,5553278;116,7550897;120,1013699
BF490309;Pibaore;;;Sanmatenga;BF4903;Centre-Nord;BF49;Burkina Faso;38,83733049;39,53003513;40,37721488;41,20244032;41,96532075
BF490310;;;;Sanmatenga;BF4903;Centre-Nord;BF49;Burkina Faso;280,2840835;287,7172256;294,9793623;302,9341454;311,0499891
BF490105;;;;Bam;BF4901;Centre-Nord;BF49;Burkina Faso;22,48347258;23,17173643;23,87523416;24,60887349;25,38380194
BF490106;Rouko;;;Bam;BF4901;Centre-Nord;BF49;Burkina Faso;26,06221704;26,63986903;27,23710682;27,85709403;28,48329509
BF490107;Sabse;;;Bam;BF4901;Centre-Nord;BF49;Burkina Faso;111,5159965;113,7994857;116,3689107;118,81228;121,3180863
BF490108;Tikare;;;Bam;BF4901;Centre-Nord;BF49;Burkina Faso;189,3996376;193,3743621;197,3336441;201,0952105;205,2602994
BF490206;;;;Namentenga;BF4902;Centre-Nord;BF49;Burkina Faso;377,5208357;386,662236;396,3684098;407,1392736;417,6382371
BF490207;;;;Namentenga;BF4902;Centre-Nord;BF49;Burkina Faso;132,184043;136,4875811;140,6739833;144,8270342;149,3081118
BF490208;Zeguedeguen;;;Namentenga;BF4902;Centre-Nord;BF49;Burkina Faso;46,5748407;47,72457409;48,89633594;50,11180737;51,44879757
BF490311;;;;Sanmatenga;BF4903;Centre-Nord;BF49;Burkina Faso;170,0966415;173,0601183;176,0033354;179,4096615;182,6258884
BF490109;;;;Bam;BF4901;Centre-Nord;BF49;Burkina Faso;85,75426943;89,1908464;92,79683843;96,57067189;100,4515995
BF500401;;;;Ziro;BF5004;Centre-Ouest;BF50;Burkina Faso;169,4505517;173,9683287;178,8704735;183,993735;189,0557028
BF500301;;;;Sissili;BF5003;Centre-Ouest;BF50;Burkina Faso;190,5329746;201,0963133;212,0427226;224,0992623;236,6188725
BF500101;;;;Boulkiemdé;BF5001;Centre-Ouest;BF50;Burkina Faso;104,9085101;105,7380691;107,079122;108,6544864;109,9154262
BF500402;;;;Ziro;BF5004;Centre-Ouest;BF50;Burkina Faso;61,74604915;63,34111277;64,94646104;66,65413353;68,36180447
BF500302;;;;Sissili;BF5003;Centre-Ouest;BF50;Burkina Faso;80,65878918;81,52017382;82,43093107;83,32968861;84,2979311
BF500404;Dalo;;;Ziro;BF5004;Centre-Ouest;BF50;Burkina Faso;55,65316838;56,67690606;57,82187347;58,83024198;59,97323286
BF500201;;;;Sanguié;BF5002;Centre-Ouest;BF50;Burkina Faso;67,64110784;69,38592086;71,22410697;73,06730751;74,96522462
BF500202;;;;Sanguié;BF5002;Centre-Ouest;BF50;Burkina Faso;162,653849;165,5511413;168,4666981;171,4444492;174,5341545
BF500405;Gao;;;Ziro;BF5004;Centre-Ouest;BF50;Burkina Faso;89,85921841;92,24570677;94,74999642;97,36012374;99,82380704
BF500203;;;;Sanguié;BF5002;Centre-Ouest;BF50;Burkina Faso;37,40867822;38,14669012;38,97383846;39,83061257;40,72327241
BF500102;;;;Boulkiemdé;BF5001;Centre-Ouest;BF50;Burkina Faso;117,0919417;120,675747;124,296853;128,0577612;131,9795076
BF500403;;;;Ziro;BF5004;Centre-Ouest;BF50;Burkina Faso;122,3698907;126,8526182;131,5483274;136,4729071;141,5275464
BF500103;;;;Boulkiemdé;BF5001;Centre-Ouest;BF50;Burkina Faso;195,7783475;200,3209159;204,5433542;209,1790417;213,6567322
BF500104;;;;Boulkiemdé;BF5001;Centre-Ouest;BF50;Burkina Faso;60,55905432;60,94235715;61,29823884;61,66825867;62,03219645
BF500204;Kordie;;;Sanguié;BF5002;Centre-Ouest;BF50;Burkina Faso;46,6676969;47,15787168;47,60104131;48,10662464;48,55974544
BF500105;;;;Boulkiemdé;BF5001;Centre-Ouest;BF50;Burkina Faso;181,0917153;184,7536146;188,5111225;192,4968932;196,3671871
BF500205;;;;Sanguié;BF5002;Centre-Ouest;BF50;Burkina Faso;36,55945552;37,39192651;38,25627312;39,14535029;40,03407584
BF500303;Leo;;;Sissili;BF5003;Centre-Ouest;BF50;Burkina Faso;101,8811233;105,7426202;109,8732165;114,092638;118,5042543
BF500107;;;;Boulkiemdé;BF5001;Centre-Ouest;BF50;Burkina Faso;16,50328563;16,98446986;17,4482254;17,91056193;18,41903287
BF500106;;;;Boulkiemdé;BF5001;Centre-Ouest;BF50;Burkina Faso;32,28639016;32,90589956;33,47771542;34,07277885;34,6852843
BF500304;Nebielianayou;;;Sissili;BF5003;Centre-Ouest;BF50;Burkina Faso;8,932674127;9,243002531;9,526557478;9,79197481;10,08993438
BF500305;;;;Sissili;BF5003;Centre-Ouest;BF50;Burkina Faso;79,26166554;83,47167075;88,03788306;92,90591322;98,0640505
BF500108;;;;Boulkiemdé;BF5001;Centre-Ouest;BF50;Burkina Faso;45,77776149;46,39629973;47,26507548;48,00117694;48,84125457
BF500109;;;;Boulkiemdé;BF5001;Centre-Ouest;BF50;Burkina Faso;29,62868219;30,1917831;30,78451939;31,30161347;31,89582718
BF500206;;;;Sanguié;BF5002;Centre-Ouest;BF50;Burkina Faso;38,92794215;39,94931847;40,97888147;42,02108803;43,09035644
BF500110;;;;Boulkiemdé;BF5001;Centre-Ouest;BF50;Burkina Faso;38,39637162;38,52321495;38,63955083;38,72676978;38,91266099
BF500207;Reo;;;Sanguié;BF5002;Centre-Ouest;BF50;Burkina Faso;136,5600986;138,8163205;141,2013669;143,4428362;145,8303381
BF500111;;;;Boulkiemdé;BF5001;Centre-Ouest;BF50;Burkina Faso;46,96668669;48,0087105;49,0583281;50,09196576;51,1912078
BF500406;;;;Ziro;BF5004;Centre-Ouest;BF50;Burkina Faso;286,3503959;305,5363109;325,7496569;347,0731836;370,2349743
BF500112;Sigle;;;Boulkiemdé;BF5001;Centre-Ouest;BF50;Burkina Faso;54,05098139;54,49294198;54,93459542;55,35926973;55,7797148
BF500306;;;;Sissili;BF5003;Centre-Ouest;BF50;Burkina Faso;16,23770406;16,41833107;16,61952394;16,81460923;17,01016135
BF500113;;;;Boulkiemdé;BF5001;Centre-Ouest;BF50;Burkina Faso;34,2940805;35,03982551;35,83836025;36,66299931;37,47888699
BF500114;;;;Boulkiemdé;BF5001;Centre-Ouest;BF50;Burkina Faso;25,05753735;25,4666227;25,87100986;26,32848148;26,76691579
BF500208;Tenado;;;Sanguié;BF5002;Centre-Ouest;BF50;Burkina Faso;263,2913195;265,2356747;267,336229;269,3103419;271,3705398
BF500115;;;;Boulkiemdé;BF5001;Centre-Ouest;BF50;Burkina Faso;80,61904242;81,8615472;83,10001012;84,3769959;85,6567977
BF500307;;;;Sissili;BF5003;Centre-Ouest;BF50;Burkina Faso;97,73563115;100,2843648;102,8893185;105,5731207;108,318801
BF500209;;;;Sanguié;BF5002;Centre-Ouest;BF50;Burkina Faso;26,20651243;26,60443499;26,99818612;27,42052684;27,83783727
BF500210;;;;Sanguié;BF5002;Centre-Ouest;BF50;Burkina Faso;39,88022437;40,76339123;41,71355946;42,73908791;43,68854828
BF510301;Bere;;;Zoundwéogo;BF5103;Centre-Sud;BF51;Burkina Faso;30,27177778;31,15132258;31,95863797;32,92494367;33,83212108
BF510302;Binde;;;Zoundwéogo;BF5103;Centre-Sud;BF51;Burkina Faso;32,48100983;33,14951626;33,86664684;34,71188409;35,4736206
BF510101;;;;Baz√®ga;BF5101;Centre-Sud;BF51;Burkina Faso;65,54392073;64,94745404;65,37984247;65,83844232;66,21441526
BF510102;;;;Baz√®ga;BF5101;Centre-Sud;BF51;Burkina Faso;349,0546665;359,1458107;371,4643344;380,8722741;393,4144562
BF510303;;;;Zoundwéogo;BF5103;Centre-Sud;BF51;Burkina Faso;215,9606577;222,2500235;229,8856058;237,7104622;245,7383904
BF510304;;;;Zoundwéogo;BF5103;Centre-Sud;BF51;Burkina Faso;187,4993318;191,4113757;194,9559897;198,1899967;202,1572976
BF510201;;;;Nahouri;BF5102;Centre-Sud;BF51;Burkina Faso;85,73881029;94,2724556;103,7041641;114,0804522;125,4848476
BF510305;;;;Zoundwéogo;BF5103;Centre-Sud;BF51;Burkina Faso;32,48835994;32,98308996;33,45893284;33,90261453;34,40933355
BF510103;Ipelse;;;Baz√®ga;BF5101;Centre-Sud;BF51;Burkina Faso;19,25746195;19,34593127;19,48258644;19,60169945;19,72634484
BF510104;;;;Baz√®ga;BF5101;Centre-Sud;BF51;Burkina Faso;137,9098734;139,5132183;141,6513115;143,5490775;145,445629
BF510105;;;;Baz√®ga;BF5101;Centre-Sud;BF51;Burkina Faso;300,5098037;307,0068269;311,8660496;315,4210307;320,0276651
BF510306;;;;Zoundwéogo;BF5103;Centre-Sud;BF51;Burkina Faso;60,79695182;62,62866456;64,2483583;66,08663233;67,90127006
BF510307;Nobere;;;Zoundwéogo;BF5103;Centre-Sud;BF51;Burkina Faso;164,034324;165,5478123;168,3387436;170,4635112;172,6300261
BF510202;;;;Nahouri;BF5102;Centre-Sud;BF51;Burkina Faso;203,4848845;209,7536878;216,394065;223,2109408;230,2085163
BF510106;Sapone;;;Baz√®ga;BF5101;Centre-Sud;BF51;Burkina Faso;60,29691351;60,89145256;61,30131046;61,66840149;62,23039102
BF510203;Tiebele;;;Nahouri;BF5102;Centre-Sud;BF51;Burkina Faso;111,0650875;112,4054981;113,7353897;115,4444859;116,8862326
BF510107;Toece;;;Baz√®ga;BF5101;Centre-Sud;BF51;Burkina Faso;79,79377579;79,96669256;79,77585672;80,15422177;80,33114077
BF510204;;;;Nahouri;BF5102;Centre-Sud;BF51;Burkina Faso;14,3809109;14,3488187;14,43109909;14,57104369;14,64018217
BF510205;;;;Nahouri;BF5102;Centre-Sud;BF51;Burkina Faso;83,14286312;84,94107206;86,77225203;88,78758986;91,0837737
BF520301;Bartiebougou;;;Komandjari;BF5203;Est;BF52;Burkina Faso;9,667799643;10,01749072;10,35585276;10,81981048;11,30088827
BF520101;;;;Gnagna;BF5201;Est;BF52;Burkina Faso;81,81117541;84,66810217;87,67849896;90,68974171;93,7543464
BF520102;Bogande;;;Gnagna;BF5201;Est;BF52;Burkina Faso;54,15133344;55,85231848;57,55517218;59,33595161;61,17351689
BF520501;;;;Tapoa;BF5205;Est;BF52;Burkina Faso;47,80821075;49,6052927;51,54345248;53,53081558;55,54851901
BF520201;;;;Gourma;BF5202;Est;BF52;Burkina Faso;112,6903545;114,3046094;115,91655;117,2920994;118,7863136
BF520502;;;;Tapoa;BF5205;Est;BF52;Burkina Faso;50,16627657;52,24021017;54,4245645;56,63153578;58,95211248
BF520202;;;;Gourma;BF5202;Est;BF52;Burkina Faso;115,0894913;119,0617006;123,9629517;128,895546;133,8667668
BF520203;;;;Gourma;BF5202;Est;BF52;Burkina Faso;257,5733562;268,4331654;279,3461004;290,6523093;302,6564637
BF520302;;;;Komandjari;BF5203;Est;BF52;Burkina Faso;49,08725899;51,45789439;54,10173876;56,28696651;58,59793873
BF520303;Gayeri;;;Komandjari;BF5203;Est;BF52;Burkina Faso;18,6235909;19,55412892;20,46812744;21,49492318;22,61215984
BF520503;;;;Tapoa;BF5205;Est;BF52;Burkina Faso;17,45402809;18,06100614;18,67135791;19,30633244;19,97994973
BF520103;;;;Gnagna;BF5201;Est;BF52;Burkina Faso;48,83845927;50,29792703;51,62080444;53,02213268;54,6949898
BF520401;;;;Kompienga;BF5204;Est;BF52;Burkina Faso;27,76776879;29,1314058;30,75805759;32,11372638;33,71169908
BF520104;;;;Gnagna;BF5201;Est;BF52;Burkina Faso;52,77194051;54,23256881;55,80427513;57,46363813;59,16852378
BF520504;Logbou;;;Tapoa;BF5205;Est;BF52;Burkina Faso;58,08748174;60,27119205;62,70499331;65,03439557;67,51769939
BF520402;;;;Kompienga;BF5204;Est;BF52;Burkina Faso;4,652682264;4,878433137;5,118440431;5,382765014;5,651328788
BF520105;;;;Gnagna;BF5201;Est;BF52;Burkina Faso;151,7635319;155,8050698;160,2763826;164,589928;168,7610669
BF520204;;;;Gourma;BF5202;Est;BF52;Burkina Faso;62,54890848;65,11939925;67,8321547;70,6769569;73,68357252
BF520505;;;;Tapoa;BF5205;Est;BF52;Burkina Faso;4,054443764;4,183985703;4,292613209;4,395250857;4,51883061
BF520403;;;;Kompienga;BF5204;Est;BF52;Burkina Faso;41,03764301;44,56479787;48,2597666;52,54681789;57,07954314
BF520506;;;;Tapoa;BF5205;Est;BF52;Burkina Faso;16,16896828;16,91945194;17,66007383;18,38735042;19,2292276
BF520106;Piela;;;Gnagna;BF5201;Est;BF52;Burkina Faso;21,34807727;21,82423507;22,38218831;22,88330271;23,38671086
BF520507;;;;Tapoa;BF5205;Est;BF52;Burkina Faso;25,06654628;25,89706448;26,8369003;27,90553639;28,8612405
BF520508;;;;Tapoa;BF5205;Est;BF52;Burkina Faso;1026,010635;1073,613436;1118,970665;1170,527849;1224,130666
BF520107;;;;Gnagna;BF5201;Est;BF52;Burkina Faso;16,53316883;16,95791609;17,3662391;17,85144901;18,32401321
BF520205;;;;Gourma;BF5202;Est;BF52;Burkina Faso;38,51154348;39,31243232;40,09352921;40,92728115;41,82366447
BF520206;;;;Gourma;BF5202;Est;BF52;Burkina Faso;49,56241874;51,17311259;52,75101374;54,38131325;56,05131128
BF530101;;;;Houet;BF5301;Hauts-Bassins;BF53;Burkina Faso;60,15173805;61,2938567;62,5521516;63,78517451;65,05897225
BF530201;;;;Kénédougou;BF5302;Hauts-Bassins;BF53;Burkina Faso;13,10948679;14,09145231;14,90192332;15,81640853;16,74412894
BF530301;Bekui;;;Tuy;BF5303;Hauts-Bassins;BF53;Burkina Faso;63,83045485;64,71918729;65,57757777;66,35465384;67,34868618
BF530302;Bereba;;;Tuy;BF5303;Hauts-Bassins;BF53;Burkina Faso;134,3052744;136,6248458;138,9345929;141,2738039;143,6586669
BF530102;;;;Houet;BF5301;Hauts-Bassins;BF53;Burkina Faso;1904,247371;1990,611105;2078,382008;2173,155408;2270,995143
BF530303;;;;Tuy;BF5303;Hauts-Bassins;BF53;Burkina Faso;29,28500677;30,20244101;31,15319188;32,11533581;33,12316347
BF530103;Dande;;;Houet;BF5301;Hauts-Bassins;BF53;Burkina Faso;12,34250652;12,57205816;12,78167039;13,02053841;13,27228271
BF530202;Djigouera;;;Kénédougou;BF5302;Hauts-Bassins;BF53;Burkina Faso;51,84544966;52,90241933;54,03988734;55,18196317;56,36887703
BF530104;;;;Houet;BF5301;Hauts-Bassins;BF53;Burkina Faso;36,43259447;37,56414597;38,78246972;40,0251182;41,32258836
BF530105;;;;Houet;BF5301;Hauts-Bassins;BF53;Burkina Faso;28,6488682;29,4463439;30,19177371;31,03198807;31,86730128
BF530304;;;;Tuy;BF5303;Hauts-Bassins;BF53;Burkina Faso;33,9048332;35,22795366;36,61629827;38,04989485;39,51104668
BF530305;Hounde;;;Tuy;BF5303;Hauts-Bassins;BF53;Burkina Faso;87,26579777;90,96522476;94,82467017;98,86170689;103,0602925
BF530203;;;;Kénédougou;BF5302;Hauts-Bassins;BF53;Burkina Faso;59,20261519;60,76934766;62,44611805;64,28858118;66,08497635
BF530106;;;;Houet;BF5301;Hauts-Bassins;BF53;Burkina Faso;351,1737794;355,8790878;368,1097139;374,7866618;383,9316022
BF530107;Karangasso-Vigue;;;Houet;BF5301;Hauts-Bassins;BF53;Burkina Faso;233,4933069;244,4784003;256,0769006;268,090372;280,7462222
BF530204;;;;Kénédougou;BF5302;Hauts-Bassins;BF53;Burkina Faso;51,4988705;53,34680515;55,32712422;57,24140051;59,33336835
BF530205;Koloko;;;Kénédougou;BF5302;Hauts-Bassins;BF53;Burkina Faso;39,41104539;40,69902198;41,91338933;43,23254743;44,6444505
BF530306;;;;Tuy;BF5303;Hauts-Bassins;BF53;Burkina Faso;45,84402288;47,3028731;48,81997538;50,37598865;52,17871545
BF530307;;;;Tuy;BF5303;Hauts-Bassins;BF53;Burkina Faso;87,6806447;91,86511491;96,19272657;100,703329;105,4746943
BF530108;;;;Houet;BF5301;Hauts-Bassins;BF53;Burkina Faso;17,83360527;18,00347856;18,20870894;18,35695522;18,50670195
BF530206;;;;Kénédougou;BF5302;Hauts-Bassins;BF53;Burkina Faso;23,62446852;24,5239017;25,45021876;26,44431299;27,45832191
BF530207;;;;Kénédougou;BF5302;Hauts-Bassins;BF53;Burkina Faso;56,03403584;58,13921183;60,37101027;62,63630942;65,01283663
BF530109;Lena;;;Houet;BF5301;Hauts-Bassins;BF53;Burkina Faso;67,48591784;68,7821409;70,5655861;71,76072027;73,11053794
BF530208;;;;Kénédougou;BF5302;Hauts-Bassins;BF53;Burkina Faso;68,41393395;71,99650747;75,72830658;79,71977345;83,94600145
BF530209;Ndorola;;;Kénédougou;BF5302;Hauts-Bassins;BF53;Burkina Faso;32,08178342;33,04130778;34,02218385;35,08142315;36,1021537
BF530210;;;;Kénédougou;BF5302;Hauts-Bassins;BF53;Burkina Faso;64,2531618;66,41179206;68,59491256;70,84885519;73,18480671
BF530110;Padema;;;Houet;BF5301;Hauts-Bassins;BF53;Burkina Faso;94,77746301;95,65059101;96,49652712;97,29184815;98,19268141
BF530111;Peni;;;Houet;BF5301;Hauts-Bassins;BF53;Burkina Faso;100,2146924;106,3136425;112,9043174;119,4370195;126,6747111
BF530212;Samogogouan;;;Kénédougou;BF5302;Hauts-Bassins;BF53;Burkina Faso;136,8184416;142,5186567;148,8483924;155,4226263;162,3589643
BF530211;Samogoyiri;;;Kénédougou;BF5302;Hauts-Bassins;BF53;Burkina Faso;8,257715069;8,384103547;8,5354952;8,588502422;8,712065119
BF530112;;;;Houet;BF5301;Hauts-Bassins;BF53;Burkina Faso;27,69321843;27,80355208;28,01938053;28,12157596;28,22710016
BF530213;;;;Kénédougou;BF5302;Hauts-Bassins;BF53;Burkina Faso;37,43719267;39,35939306;41,49917384;43,66594916;45,93058792
BF530113;;;;Houet;BF5301;Hauts-Bassins;BF53;Burkina Faso;14,64511945;15,07870422;15,52145958;15,97246442;16,42668835
BF540201;Arbolle;;;Passoré;BF5402;Nord;BF54;Burkina Faso;49,93326211;50,93183139;51,94010316;52,93780964;53,98748771
BF540202;Bagare;;;Passoré;BF5402;Nord;BF54;Burkina Faso;43,82768825;44,67960624;45,51442192;46,35831825;47,22593623
BF540101;;;;Loroum;BF5401;Nord;BF54;Burkina Faso;110,3866927;113,7998414;117,6962369;121,59333;125,4301906
BF540301;;;;Yatenga;BF5403;Nord;BF54;Burkina Faso;18,18321406;18,29475417;18,52849671;18,73441873;18,9937055
BF540401;;;;Zondoma;BF5404;Nord;BF54;Burkina Faso;41,0367929;41,93437642;42,94718934;43,96496479;44,95210493
BF540204;;;;Passoré;BF5402;Nord;BF54;Burkina Faso;133,8578859;136,1740849;138,5183131;140,9917492;143,4656334
BF540402;;;;Zondoma;BF5404;Nord;BF54;Burkina Faso;36,71604087;37,58760361;38,54997789;39,5042666;40,4551021
BF540205;;;;Passoré;BF5402;Nord;BF54;Burkina Faso;100,5497113;103,3698876;106,2047965;109,0972723;112,0874225
BF540403;;;;Zondoma;BF5404;Nord;BF54;Burkina Faso;455,8489855;468,1512761;481,1801759;494,0659281;507,6421202
BF540302;Kain;;;Yatenga;BF5403;Nord;BF54;Burkina Faso;45,68924141;47,48393903;49,2745112;51,30037251;53,35575245
BF540303;;;;Yatenga;BF5403;Nord;BF54;Burkina Faso;324,3891133;330,1844429;335,9382527;341,732482;347,6713993
BF540206;;;;Passoré;BF5402;Nord;BF54;Burkina Faso;68,06206272;69,91852482;71,85044286;73,85657387;75,90954052
BF540304;;;;Yatenga;BF5403;Nord;BF54;Burkina Faso;29,60832263;30,38113402;31,04395461;31,75353897;32,56957395
BF540305;;;;Yatenga;BF5403;Nord;BF54;Burkina Faso;310,4752211;321,2713062;332,0279958;343,2431802;354,6643877
BF540207;;;;Passoré;BF5402;Nord;BF54;Burkina Faso;40,38637923;41,11500341;41,75663299;42,45414252;43,18700641
BF540404;Leba;;;Zondoma;BF5404;Nord;BF54;Burkina Faso;20,0651058;21,13684074;22,04858694;23,18955403;24,30418431
BF540306;;;;Yatenga;BF5403;Nord;BF54;Burkina Faso;237,6985257;243,9750145;249,4149818;254,8977008;261,1631906
BF540307;;;;Yatenga;BF5403;Nord;BF54;Burkina Faso;246,5950005;253,288934;260,1402794;267,5119286;274,2495273
BF540102;;;;Loroum;BF5401;Nord;BF54;Burkina Faso;69,05197451;70,54172651;72,11596234;73,71193427;75,33885623
BF540308;;;;Yatenga;BF5403;Nord;BF54;Burkina Faso;99,52334434;101,2525826;103,0298655;104,8252686;106,8193207
BF540208;;;;Passoré;BF5402;Nord;BF54;Burkina Faso;32,57197867;32,93389095;33,34115218;33,74701957;34,16164016
BF540309;;;;Yatenga;BF5403;Nord;BF54;Burkina Faso;142,4869329;145,3290795;148,2414502;151,2997822;154,3271416
BF540209;;;;Passoré;BF5402;Nord;BF54;Burkina Faso;59,4053705;60,05926151;60,77991602;61,48805043;62,21410223
BF540310;Senguenega;;;Yatenga;BF5403;Nord;BF54;Burkina Faso;148,470533;151,5509192;154,8996695;158,410494;161,5559739
BF540103;Solle;;;Loroum;BF5401;Nord;BF54;Burkina Faso;14,24994495;14,66745276;14,9793465;15,4181034;16,02564621
BF540311;;;;Yatenga;BF5403;Nord;BF54;Burkina Faso;176,4347017;179,644013;182,999246;185,4763439;189,6107911
BF540312;;;;Yatenga;BF5403;Nord;BF54;Burkina Faso;154,6017065;159,3814071;164,3301687;169,3894177;174,6783678
BF540104;;;;Loroum;BF5401;Nord;BF54;Burkina Faso;160,5534004;163,9938123;167,5802212;171,4651186;174,9949089
BF540405;;;;Zondoma;BF5404;Nord;BF54;Burkina Faso;49,54129718;50,78800035;52,14118399;53,51393042;54,93199164
BF540210;;;;Passoré;BF5402;Nord;BF54;Burkina Faso;446,1443137;452,7384222;459,5232612;466,4553144;473,5247672
BF540313;Zogore;;;Yatenga;BF5403;Nord;BF54;Burkina Faso;69,72505165;71,26602838;72,76985312;74,34757217;75,8796248
BF550301;;;;Oubritenga;BF5503;Plateau-Central;BF55;Burkina Faso;30,59138531;31,35005987;32,05823265;32,79850888;33,53936569
BF550101;;;;Ganzourgou;BF5501;Plateau-Central;BF55;Burkina Faso;697,8871202;710,2312615;725,0684918;740,7584958;755,918391
BF550201;Bousse;;;Kourwéogo;BF5502;Plateau-Central;BF55;Burkina Faso;140,3726552;143,6048725;146,5462578;149,8018119;153,1331412
BF550302;;;;Oubritenga;BF5503;Plateau-Central;BF55;Burkina Faso;55,59690088;56,4658459;57,2222774;57,82056855;58,6147575
BF550102;;;;Ganzourgou;BF5501;Plateau-Central;BF55;Burkina Faso;54,35678662;55,29615251;56,3974284;57,72063009;59,08685754
BF550202;;;;Kourwéogo;BF5502;Plateau-Central;BF55;Burkina Faso;17,97074498;18,19149346;18,39073522;18,60229701;18,80784117
BF550303;;;;Oubritenga;BF5503;Plateau-Central;BF55;Burkina Faso;84,97631967;86,64084698;88,31142429;90,09732019;91,83288372
BF550103;Megue;;;Ganzourgou;BF5501;Plateau-Central;BF55;Burkina Faso;127,3625547;129,0885849;131,0556208;132,0518996;133,7534123
BF550104;Mogtedo;;;Ganzourgou;BF5501;Plateau-Central;BF55;Burkina Faso;133,7483988;139,3303731;145,0634489;150,4877163;156,2457089
BF550304;Nagreongo;;;Oubritenga;BF5503;Plateau-Central;BF55;Burkina Faso;187,3942711;191,8772119;197,4680212;202,1115547;206,8558834
BF550203;;;;Kourwéogo;BF5502;Plateau-Central;BF55;Burkina Faso;82,1448527;83,03327994;84,14824292;85,2678175;86,21385312
BF550305;Ourgou-Manega;;;Oubritenga;BF5503;Plateau-Central;BF55;Burkina Faso;40,67563736;41,10515292;41,629229;42,21719209;42,79152199
BF550105;;;;Ganzourgou;BF5501;Plateau-Central;BF55;Burkina Faso;89,97487549;92,59223716;94,84466351;98,20443499;101,3409121
BF550204;;;;Kourwéogo;BF5502;Plateau-Central;BF55;Burkina Faso;145,2557561;147,2974323;149,2510489;151,2965131;153,365165
BF550205;Toeguen;;;Kourwéogo;BF5502;Plateau-Central;BF55;Burkina Faso;44,93224292;45,63118321;46,46856498;47,21493624;47,96771476
BF550106;;;;Ganzourgou;BF5501;Plateau-Central;BF55;Burkina Faso;258,2594538;263,2336847;268,8707764;275,1533025;282,6000499
BF550306;Ziniare;;;Oubritenga;BF5503;Plateau-Central;BF55;Burkina Faso;165,3151781;167,8488739;171,1305915;174,4827041;177,8373196
BF550307;;;;Oubritenga;BF5503;Plateau-Central;BF55;Burkina Faso;99,76076112;101,9423848;103,8686421;105,783257;107,8260159
BF550107;Zorgho;;;Ganzourgou;BF5501;Plateau-Central;BF55;Burkina Faso;117,6755427;119,9419263;122,5141915;125,8607561;127,858829
BF550108;;;;Ganzourgou;BF5501;Plateau-Central;BF55;Burkina Faso;73,17899512;74,94899491;76,72244046;78,14055345;80,06959894
BF560301;;;;Soum;BF5603;Sahel;BF56;Burkina Faso;55,99048052;57,51156965;59,20568894;60,86969977;62,70645449
BF560201;;;;Séno;BF5602;Sahel;BF56;Burkina Faso;19,10735045;19,49427627;19,88278819;20,28536302;20,69717782
BF560302;Baraboule;;;Soum;BF5603;Sahel;BF56;Burkina Faso;20,05143081;20,63790738;21,23670048;21,88090267;22,52115346
BF560401;Boundore;;;Yagha;BF5604;Sahel;BF56;Burkina Faso;51,14493859;52,67552986;54,32678973;56,01049675;57,60501074
BF560101;Deou;;;Oudalan;BF5601;Sahel;BF56;Burkina Faso;12,7759483;13,24642153;13,82692429;14,45746831;15,02738308
BF560303;;;;Soum;BF5603;Sahel;BF56;Burkina Faso;2,903812554;2,963223455;3,044353641;3,167727488;3,241697034
BF560304;;;;Soum;BF5603;Sahel;BF56;Burkina Faso;28,71434165;29,72577419;30,74398377;31,67142109;32,7124122
BF560202;;;;Séno;BF5602;Sahel;BF56;Burkina Faso;243,5440394;250,0130557;256,5649652;263,3075533;270,3039466
BF560203;;;;Séno;BF5602;Sahel;BF56;Burkina Faso;24,90595736;25,84584254;26,88263136;27,84196201;28,56042818
BF560204;;;;Séno;BF5602;Sahel;BF56;Burkina Faso;70,52292615;72,53911508;74,79130927;77,10253805;79,40383249
BF560102;;;;Oudalan;BF5601;Sahel;BF56;Burkina Faso;158,0006225;164,4555352;171,3528332;179,0031163;186,9494933
BF560305;;;;Soum;BF5603;Sahel;BF56;Burkina Faso;12,34601811;12,79503847;13,24754661;13,71999856;14,21894511
BF560306;;;;Soum;BF5603;Sahel;BF56;Burkina Faso;31,48738547;32,78624237;33,88104781;35,10705762;36,2505153
BF560402;;;;Yagha;BF5604;Sahel;BF56;Burkina Faso;97,73276678;100,5644514;103,5799414;106,89894;110,1991464
BF560103;;;;Oudalan;BF5601;Sahel;BF56;Burkina Faso;29,39160052;30,18853561;31,03063508;31,83923524;32,64005384
BF560307;;;;Soum;BF5603;Sahel;BF56;Burkina Faso;38,98395741;40,94339469;42,06106837;43,73824685;45,32500993
BF560104;;;;Oudalan;BF5601;Sahel;BF56;Burkina Faso;19,17258292;19,8639676;20,5395772;21,00758657;21,63171956
BF560308;Pobe-Mengao;;;Soum;BF5603;Sahel;BF56;Burkina Faso;15,28312299;15,72057275;16,20361895;16,73970898;17,27880797
BF560205;;;;Séno;BF5602;Sahel;BF56;Burkina Faso;52,41693599;54,93174702;57,71363758;60,67349975;63,68876359
BF560403;;;;Yagha;BF5604;Sahel;BF56;Burkina Faso;13,60399643;14,04729778;14,46465937;14,88692293;15,33127831
BF560206;;;;Séno;BF5602;Sahel;BF56;Burkina Faso;39,54725493;40,86539838;42,18527725;43,54472241;44,98297413
BF560404;;;;Yagha;BF5604;Sahel;BF56;Burkina Faso;19,77911511;20,54838964;21,16531603;21,97395419;22,67914161
BF560405;Tankougounadie;;;Yagha;BF5604;Sahel;BF56;Burkina Faso;18,62574544;19,4097094;20,26982402;21,12226754;22,14128313
BF560105;;;;Oudalan;BF5601;Sahel;BF56;Burkina Faso;19,680512;20,25373963;20,66456006;21,12216023;21,69844366
BF560406;Titabe;;;Yagha;BF5604;Sahel;BF56;Burkina Faso;29,95866558;30,90708742;32,0183955;32,90605619;33,95667909
BF560309;;;;Soum;BF5603;Sahel;BF56;Burkina Faso;98,32709112;102,0677169;105,981613;110,3272902;114,4436129
BF570301;Batie;;;Noumbiel;BF5703;Sud-Ouest;BF57;Burkina Faso;50,31111322;51,95044197;53,59116077;55,351572;57,14595433
BF570401;;;;Poni;BF5704;Sud-Ouest;BF57;Burkina Faso;20,13413769;20,37967122;20,675795;20,99359177;21,33819923
BF570402;Boussera;;;Poni;BF5704;Sud-Ouest;BF57;Burkina Faso;99,93555157;101,5617146;103,1436541;104,6923922;106,3795685
BF570302;;;;Noumbiel;BF5703;Sud-Ouest;BF57;Burkina Faso;19,07692902;20,10578625;21,17566454;22,23749897;23,452592
BF570201;;;;Ioba;BF5702;Sud-Ouest;BF57;Burkina Faso;80,72385334;82,75330346;84,77968027;86,81545594;88,94450519
BF570102;Diebougou;;;Bougouriba;BF5701;Sud-Ouest;BF57;Burkina Faso;86,94275013;88,3944932;89,96696027;91,51143265;93,05486215
BF570202;;;;Ioba;BF5702;Sud-Ouest;BF57;Burkina Faso;63,19776186;64,07295763;64,9387808;65,79723704;66,72186945
BF570403;Djigoue;;;Poni;BF5704;Sud-Ouest;BF57;Burkina Faso;101,729032;110,6979259;120,4270495;130,8476259;142,5784238
BF570103;;;;Bougouriba;BF5701;Sud-Ouest;BF57;Burkina Faso;20,4245856;20,46268658;20,47862559;20,51257082;20,54201288
BF570404;;;;Poni;BF5704;Sud-Ouest;BF57;Burkina Faso;428,8979503;440,6199914;452,0945105;464,3058135;476,3521223
BF570405;;;;Poni;BF5704;Sud-Ouest;BF57;Burkina Faso;52,53037838;53,1233359;53,79467458;54,40132998;55,06772171
BF570101;;;;Bougouriba;BF5701;Sud-Ouest;BF57;Burkina Faso;118,5575898;123,0916743;127,8200708;132,7363506;137,749039
BF570203;Gueguere;;;Ioba;BF5702;Sud-Ouest;BF57;Burkina Faso;96,46401182;99,26199398;102,1283794;105,1200764;108,172295
BF570104;Iolonioro;;;Bougouriba;BF5701;Sud-Ouest;BF57;Burkina Faso;32,36940112;35,16735329;38,19193001;41,47455836;45,04926719
BF570406;;;;Poni;BF5704;Sud-Ouest;BF57;Burkina Faso;309,4489161;321,3009214;333,6016504;346,4415145;359,7629054
BF570204;;;;Ioba;BF5702;Sud-Ouest;BF57;Burkina Faso;26,42446362;26,19631814;25,96123518;25,72269472;25,49444075
BF570303;Kpuere;;;Noumbiel;BF5703;Sud-Ouest;BF57;Burkina Faso;46,03946546;48,46567533;51,03206642;53,7106131;56,43570357
BF570304;;;;Noumbiel;BF5703;Sud-Ouest;BF57;Burkina Faso;30,02435421;30,45958619;30,96843971;31,57524111;32,03895441
BF570407;Loropeni;;;Poni;BF5704;Sud-Ouest;BF57;Burkina Faso;220,4434874;229,6590944;239,2382442;249,3070661;259,8391572
BF570408;;;;Poni;BF5704;Sud-Ouest;BF57;Burkina Faso;31,538488;31,74880294;32,04685701;32,35799077;32,6712119
BF570305;;;;Noumbiel;BF5703;Sud-Ouest;BF57;Burkina Faso;16,02437295;16,44567159;16,89158087;17,2723134;17,76831402
BF570409;;;;Poni;BF5704;Sud-Ouest;BF57;Burkina Faso;37,32247233;37,4745001;37,61983035;37,71507854;37,83330451
BF570205;Niego;;;Ioba;BF5702;Sud-Ouest;BF57;Burkina Faso;15,66706649;15,82994313;16,00633778;16,20478524;16,38362814
BF570206;;;;Ioba;BF5702;Sud-Ouest;BF57;Burkina Faso;18,17362774;18,64261879;19,12791139;19,65926561;20,0918895
BF570207;Ouessa;;;Ioba;BF5702;Sud-Ouest;BF57;Burkina Faso;4,484757429;4,502534991;4,496061893;4,462533244;4,471841468
BF570410;Perigban;;;Poni;BF5704;Sud-Ouest;BF57;Burkina Faso;55,72721008;56,838043;58,04542475;59,26428099;60,51611394
BF570105;;;;Bougouriba;BF5701;Sud-Ouest;BF57;Burkina Faso;17,56665542;17,74402745;17,85964322;18,04546517;18,26103163
BF570208;;;;Ioba;BF5702;Sud-Ouest;BF57;Burkina Faso;79,56128072;81,53724261;83,67033083;85,89531357;88,01115132